0,Eubanks C.
1,Thiem D.
2,Weinzierl J.
3,Monaco J.
4,Yoo D.
5,King E.
6,Voltchkov V.
7,Srichaphan N.
8,Ogorodov O.
9,Velotti A.
10,Ciorcila P.
11,Young D.
12,Fleming C.
13,Squillari F.
14,Ketola T.
15,Lemke J.
16,Gaudio G.
17,Dasnieres De Veigy J.
18,Svarc L.
19,Baghdatis M.
20,Mutis O.
21,Marti J.
22,Tearney F.
23,Gomez A.
24,Behr N.
25,Zhu B.Q.
26,Bohane A.
27,Bastl G.
28,Roger Vasselin E.
29,Warburg S.
30,Arazi H.
31,Bourgue M.
32,Fleishman Z.
33,Pozzi G.
34,Sampras P.
35,Blanco G.
36,Ellwood B.
37,Silva J.
38,Manta L.
39,Stadler S.
40,Nielsen F.
41,Betov S.
42,Martin T.
43,Lisnard J.
44,Freelove O.
45,Kunitcin I.
46,Haider Mauer A.
47,Recouderc L.
48,Rodriguez B.
49,Trujillo G.
50,Cuadrado C.
51,Schnur B.
52,Arguello F.
53,Pavic A.
54,Van D.Merwe I.
55,Novak D.
56,De Greef A.
57,Sarkissian A.
58,Samper Montana J.
59,Gombos N.
60,Lee H.T.
61,Skugor F.
62,Vicente M.
63,Sousa T.
64,Dreekmann H.
65,Peppas S.
66,Labadze I.
67,Pedroso A.
68,Zeballos H.
69,Stebe C.M.
70,Lu Y.
71,Kunitsyn I.
72,Wang J.
73,Barton M.
74,Schuettler P.
75,Anderson A.
76,Walter L.
77,Vacek D.
78,Tarango J.
79,Flygt K.
80,Abdulla M.
81,Gomez Herrera C.
82,Allegro Y.
83,Eleskovic E.
84,Liukko V.
85,Lopez M.
86,Saavedra Corvalan C.
87,Jelenic P.
88,Ilie A.
89,Ghem A.
90,Larsson M.
91,Marques N.
92,Schranz W.
93,Eagle J.
94,Carraz G.
95,Oswald P.
96,Rola B.
97,Pavic M.
98,Ulihrach B.
99,Behrmann M.
100,Korteling S.
101,Nam H.W.
102,Kulti N.
103,De Heart R.
104,Daniel T.
105,Rochus C.
106,Maclagan M.
107,Belyaev I.
108,Copil M.
109,Harsanyi P.
110,Ryderstedt M.
111,Isner J.
112,Bedene A.
113,Koll H.
114,Clezar G.
115,Donaldson J.
116,Ortegren J.
117,Perez D.
118,Diaz J.
119,Jaziri M.
120,Vliegen K.
121,Parmar A.
122,Burquier G.
123,Marach O.
124,Riba Madrid P.
125,Yu X.Y.
126,Oudsema S.
127,Al Ghareeb M.
128,Darcis S.
129,Mcclune M.
130,Klaasen R.
131,Menendez Maceiras A.
132,Dosedel S.
133,Michon A.
134,Siemerink J.
135,Milligan L.
136,Viloca J.A.
137,Laaksonen H.
138,Tiafoe F.
139,Skoch D.
140,Li Z.
141,Millot V.
142,Kohlmann M.
143,Torebko P.
144,Wessels L.
145,Ascione T.
146,Marterer M.
147,Mirnyi M.
148,Nalbandian D.
149,Gong M.X.
150,Washington M.
151,Podlipnik H.
152,Golding O.
153,Moodie W.
154,Costa A.
155,Marcaccio G.
156,Eitzinger R.
157,Bhambri Y.
158,Luzzi F.
159,Siriluethaiwattana P.
160,Bahrouzyan O.
161,Cilic M.
162,Luxa P.
163,Greul S.
164,Tabara M.
165,Wang Y.T.
166,Bozoljac I.
167,Jones A.
168,Vicente F.
169,Hipfl M.
170,Marin J.A.
171,Agassi A.
172,Todero N.
173,Schwank E.
174,Ali Mutawa J.M.
175,Yani M.
176,Derepasko A.
177,Hewitt L.
178,Vaisse M.
179,Qureshi A.
180,Arnaboldi A.
181,Duckworth J.
182,Cabello F.
183,Spottl M.
184,Karatsev A.
185,Fish M.
186,Thompson J.
187,Mmoh M.
188,Woodruff C.
189,Saoudi S.
190,Fahlke A.
191,Klizan M.
192,Kuerten G.
193,Poerschke L.
194,Haase R.
195,Dabul B.
196,Ager J.
197,Chaen T.
198,Kamke T.
199,Urban F.
200,Kubot L.
201,Lorenzi P.
202,Bogaerts R.
203,Karbacher B.
204,Prpic F.
205,Luque D.
206,Mina G.
207,Gaio F.
208,Simmonds P.
209,Ayala D.
210,Palmer J.
211,Ebden M.
212,Kutrovsky D.
213,Jonsson F.
214,Reyes Varela M.A.
215,Basic M.
216,Kovalik J.
217,Koubek S.
218,Novak J.
219,King P.
220,Wang Y.
221,Morrison J.
222,Hui J.
223,Mathieu P.
224,Golubev A.
225,Willman D.
226,Marchenko I.
227,Reichel A.
228,Malisse X.
229,Coutelot N.
230,Sweeting R.
231,Cabal J.S.
232,Vasek R.
233,Reid T.
234,Fogues F.
235,Azzaro L.
236,Fabbiano T.
237,Nijaki R.
238,Safwat M.
239,Coric B.
240,Andersen J.
241,Sarstrand M.
242,Muller G.
243,Estrella Burgos V.
244,Steckley R.
245,Cacic N.
246,Sanguinetti D.
247,Furlan R.
248,Peric T.
249,Salva B.
250,Benneteau J.
251,Bohli S.
252,Wachiramanowong K.
253,Behrend T.
254,Rios M.
255,Hantschk M.
256,Harper Griffith L.
257,Matias N.
258,Bjorkman J.
259,Ascione A.
260,Gicquel M.
261,Mcgee J.
262,Zverev A.
263,Mackin A.
264,Nielsen M.
265,Monfils G.
266,De Schepper K.
267,Ortega Olmedo R.
268,Gaudenzi A.
269,Sabry S.
270,Basilashvili N.
271,Johansson J.
272,Emmrich M.
273,Zayed M.S.
274,Snobel P.
275,King K.
276,Bagnis F.
277,Iwabuchi S.
278,Devilder N.
279,Sousa P.
280,Harrison C.
281,Trevisan M.
282,Berrer M.
283,Melzer G.
284,Querry S.
285,Travaglia S.
286,Uchiyama Y.
287,Miketa D.
288,Srichaphan P.
289,Sock J.
290,Seppi A.
291,Baker B.
292,Serdarusic N.
293,Rafter P.
294,Karlovic I.
295,Grigelis L.
296,Enqvist T.
297,Malcor O.
298,Van Der Dium A.
299,Pioline C.
300,Bester P.
301,Niland C.
302,Godwin N.
303,Goransson T.
304,Ledovskikh M.
305,Coetzee J.
306,Dev Varman S.
307,Zemlja G.
308,Stepanek M.
309,Stark J.
310,Summerer T.
311,Marcan D.
312,Levinsky J.
313,Ratiwatana S.
314,Smeets R.
315,Middelkoop M.
316,Alonso J.
317,Gremelmayr D.
318,Berdych T.
319,Pouille L.
320,Balcells J.
321,Knowle J.
322,Rastogi K.
323,Vassallo Arguello M.
324,Dlouhy L.
325,Chen T.
326,Rettenmaier T.
327,Davydenko N.
328,Mathieu P.H.
329,Krajicek A.
330,Sell M.
331,Navarra M.
332,Tsonga J.W.
333,Dzumhur D.
334,Bossel A.
335,Falla A.
336,Harboe P.
337,Berlocq C.
338,Londero J.I.
339,Acasuso J.
340,Marti Y.
341,Hill M.
342,Anderson O.
343,Mecir M.
344,Sluiter R.
345,Portas A.
346,Ymer E.
347,Miranda I.
348,Breen M.
349,Nishioka Y.
350,Demoliner M.
351,Bemelmans R.
352,Kimmich M.
353,Popp T.
354,Broady L.
355,Carlson A.
356,Humphries S.
357,Ilkel C.
358,Authom M.
359,Fornell M.
360,Zhang Ze.
361,Arvidsson I.
362,Olejniczak D.
363,Zeng S.X.
364,Phillips T.
365,Ionita V.
366,Safin M.
367,Martin D.
368,Wolmarans F.
369,Simonsson F.
370,Durek R.
371,Kumantsov A.
372,Quigley E.
373,Ruud C.
374,Fraile G.
375,Willis M.
376,Bublik A.
377,Haji A.
378,Bautista R.
379,Knippschild J.
380,Gross O.
381,Rodrigues M.
382,Ramirez Hidalgo R.
383,Moriya H.
384,Lamasine T.
385,Gustafsson M.
386,Moeller M.
387,Duclos P.L.
388,Novikov D.
389,Ivashka I.
390,Yang T.H.
391,Kudla D.
392,Bopanna R.
393,Guardiola T.
394,Vanni L.
395,Koning M.
396,Fnisk.
397,Hellstrom M.
398,Ito T.
399,Barrere G.
400,Delbonis F.
401,Luncanu P.A.
402,Tieleman L.
403,Giraldo S.
404,Sa A.
405,Jeong S.Y.
406,Mantilla F.
407,Fleischfresser T.
408,Hossam K.
409,Shimada T.
410,Thomann N.
411,Parada F.
412,Cervantes I.
413,Wang Y.Jr.
414,Galdon P.
415,Knittel B.
416,Meister N.
417,Roddick A.
418,Llodra M.
419,Odesnik W.
420,Bower J.
421,Gomez L.
422,Hartfield D.
423,Echagaray B.
424,Sonego L.
425,Syed F.
426,Braasch K.
427,Dodig I.
428,Silva F.
429,Tillstrom M.
430,Agaev E.
431,Dailey Z.
432,Sela D.
433,Statham R.
434,Marin L.
435,Salzenstein J.
436,Diez S.
437,Gonzalez F.
438,Mahut N.
439,Lacko L.
440,Mayer L.
441,Chela J.
442,Garcia Lopez G.
443,Scholtz N.
444,Verdasco M.
445,Gil F.
446,Albert M.
447,Fyrstenberg M.
448,Pospisil J.
449,Cuevas P.
450,Mankad H.
451,Raja P.
452,Navarro Pastor I.
453,Berankis R.
454,Hernandez A.
455,Renavand N.
456,Pella G.
457,Zovko L.
458,Tavares L.
459,Matos Gil I.
460,Scherrer J.
461,Cortes J.
462,Bellucci T.
463,Belal C.
464,Bourgeois L.
465,Hanley P.
466,Kutsenko V.
467,Haas T.
468,Medvedev D.
469,Crivoi V.
470,Gonzalez M.
471,Tkalec M.
472,Shyla Y.
473,Wheaton D.
474,Djere L.
475,Hemery C.
476,Mota B.
477,Dupuis A.
478,Popp A.
479,Riba P.
480,Andujar P.
481,Kuznetsov An.
482,Gutierrez Ferrol S.
483,Smith J.P.
484,Mitchell B.
485,Ullyett K.
486,Rehnquist B.
487,Eysseric J.
488,Granollers M.
489,Kubler J.
490,Serra F.
491,Brown D.
492,Quintero M.
493,Voinea A.
494,Olivetti A.
495,Langer N.
496,Farah R.
497,Alves T.
498,Struff J.L.
499,Gabashvili T.
500,Vardhan V.
501,Ramos A.
502,Tuksar S.
503,Bolt A.
504,Lu Y.H.
505,Rusedski G.
506,Flanagan I.
507,Chiudinelli M.
508,Fitz S.
509,Ancic M.
510,Do M.Q.
511,Dustov F.
512,Benneteau A.
513,Pavel A.
514,Roux L.
515,Arquez P.
516,Logtens P.
517,Anderson K.
518,Matsui T.
519,Wu D.
520,Zhang Y.
521,Fasching A.
522,Sherwood D.
523,Krueger M.
524,Vahaly B.
525,Van Scheppingen D.
526,Ferreiro F.
527,Norman D.
528,Braga P.
529,Lapentti G.
530,Gigounon G.
531,Berasategui A.
532,Moyano D.
533,Beck K.
534,Krajinovic F.
535,Marrero D.
536,Szymanski J.
537,Pfeiffer K.
538,El Aarej M.
539,Cox D.
540,Mertinak M.
541,Brzezicki J.P.
542,Ball C.
543,Blake J.
544,Brugues Davi A.
545,Hank T.
546,Niki T.
547,Ymer M.
548,Mertl J.
549,Goldstein P.
550,Vemic D.
551,Shvec A.
552,Ram A.
553,Olaso G.
554,Nedelko I.
555,Shane R.
556,Querrey S.
557,Suzuki T.
558,El Aynaoui Y.
559,Bachelot J.F.
560,Uebel L.
561,Courier J.
562,Hormazabal G.
563,Lu H.
564,Economidis K.
565,Topic J.
566,Lopez Perez E.
567,Capalik K.
568,Zhang Z.
569,King Turner D.
570,Lajovic D.
571,Charpentier M.
572,Santopadre V.
573,Clemens T.
574,Tiilikainen K.
575,Maamoun K.
576,Erlich J.
577,Larose S.
578,Lisnard J.R.
579,Chekov P.
580,Evans B.
581,Lajola D.
582,Gimeno D.
583,Coppejans K.
584,Gallardo Valles M.
585,Aguilar J.
586,Dorsch B.
587,Roshardt R.
588,Ignatik U.
589,Millman J.
590,Kucera K.
591,Van Der Meer N.
592,Carballes Baena R.
593,Sandbichler A.
594,Wawrinka S.
595,Pashanski B.
596,Klein T.
597,Settergren J.
598,Khalfan S.
599,Salamanca C.
600,Pospisil V.
601,Onoda M.
602,Smyczek T.
603,Kutac R.
604,Bubka S.
605,Mesaros K.
606,Robert S.
607,Davydenko P.
608,Saville L.
609,Halys Q.
610,Zayid M.S.
611,Ventura S.
612,Buchanan C.
613,Goodall J.
614,Albot R.
615,Rocha D.
616,Piccari F.
617,Panfil G.
618,Simoni A.
619,Im K.T.
620,Koderisch C.
621,Healey N.
622,Rubin N.
623,Cermak F.
624,Gerasimov E.
625,Rosenholm P.
626,Lama G.
627,Becker B.
628,Devvarman S.
629,Ilhan M.
630,Bogomolov A.
631,Fucsovics M.
632,Kumar S.
633,Taino E.
634,Lapentti N.
635,Patience O.
636,Smith L.
637,Yim R.
638,Singh S.
639,Woodforde M.
640,Ramirez C.
641,Verkerk M.
642,Nieminen J.
643,Jouan R.
644,De Paula F.
645,Black B.
646,Groth S.
647,Di Mauro A.
648,Escobedo E.
649,Whitehouse W.
650,Vasilevski A.
651,Cadart R.
652,Bowles C.
653,Macphie B.
654,Fischer M.
655,Simon G.
656,Kendrick R.
657,Khaddari H.
658,Jun W.
659,Istomin D.
660,Federer R.
661,Paul T.
662,Gasquet R.
663,Puentes G.
664,Gaudi I.
665,Sargsian S.
666,Hajek J.
667,Peliwo F.
668,Romboli F.
669,Petrovic D.
670,Vovk S.
671,Gojowczyk P.
672,Pless K.
673,Mlynarik Z.
674,Brasington J.
675,Weintraub A.
676,Ward A.
677,Xu J.C.
678,Kontinen H.
679,Vinciguerra A.
680,Rosol L.
681,Krajicek R.
682,Przysiezny M.
683,Si Y.M.
684,Nikles J.
685,Ljubicic I.
686,Friedl L.
687,Varlet J.
688,Heuberger I.
689,Deen Heshaam A.
690,Aranguren J.M.
691,Bhupathi M.
692,Paire B.
693,Caratti C.
694,O'Neal J.
695,Veic A.
696,Huet S.
697,Sanchez D.
698,Eriksson M.
699,Al Alawi S.K.
700,Guccione C.
701,Polansky P.
702,Huta Galung J.
703,Giron M.
704,Massu N.
705,Norby R.
706,Garin C.
707,Schukin Y.
708,Mor L.
709,Willems R.
710,Reix C.
711,Vlasov D.
712,Baker J.
713,Balazs A.
714,Trinker B.
715,Nunez E.
716,Kavcic B.
717,Pavlasek A.
718,Soderlund C.
719,Sergeyev I.
720,Chadaj A.
721,Rios F.
722,Bozic I.
723,Troicki V.
724,Sirianni J.
725,Vacek J.
726,Stanoytchev O.
727,Vinck C.
728,Melo D.
729,Moser F.
730,O'Brien A.
731,Mirnegg M.
732,Sadecky A.
733,Hamou M.
734,Vajda I.
735,Luczak P.
736,Teixeira M.
737,Schoorel T.
738,Melzer J.
739,Thompson C.
740,Gregorc L.
741,Costa F.
742,Kindlmann D.
743,Garcia M.
744,Del Potro J.
745,Statham J.
746,Mergea F.
747,Mazarakis V.
748,Bachinger M.
749,Kennedy A.
750,Ramanathan R.
751,Bryan M.
752,Crugnola M.
753,Andreev I.
754,Smit J.
755,Gumy H.
756,Youzhny A.
757,Fritz T.
758,Reister J.
759,Clement A.
760,Lipsky S.
761,Herbert P.H.
762,Mcdonald M.
763,Eschauer W.
764,Kucera V.
765,Dimitrov G.
766,Dewulf F.
767,Hood M.
768,Setkic A.
769,Krstin P.
770,Gonzalez P.
771,Smith A.
772,Sousa J.
773,Nadal R.
774,Agenor R.
775,Wagh A.
776,Boeker M.
777,Sugita Y.
778,Choinski J.
779,Elgin M.
780,Dolgopolov O.
781,Norman M.
782,Vega Hernandez D.
783,Cachin P.
784,Cherkasov A.
785,Ruevski P.
786,Chung H.
787,Levy H.
788,Peya A.
789,Stepanek R.
790,Tipsarevic J.
791,Chaki R.
792,Lojda D.
793,Serrano O.
794,Kyrgios N.
795,Fratangelo B.
796,Ferreira W.
797,Raoux G.
798,Youzhny M.
799,Saulnier C.
800,Delgado R.
801,Ivanov Smolensky K.
802,Slabinsky A.
803,Hajji A.
804,Lopes H.
805,Dutra Silva R.
806,Armando H.
807,Karanusic R.
808,Escude N.
809,Reynolds B.
810,Jun W.S.
811,Vesely J.
812,Sun P.
813,Dolgopolov A.
814,Galovic V.
815,Donati M.
816,Kauffmann C.
817,Satral J.
818,Kiefer N.
819,Nader M.
820,Ehrat S.
821,Sekulov J.
822,Kroslak J.
823,Cobolli S.
824,Minar I.
825,Giannessi A.
826,Molteni A.
827,Gallardo M.
828,Estrella V.
829,Van Rijthoven T.
830,Corrie E.
831,Goellner M.K.
832,Patino L.
833,Haas P.
834,Henry R.
835,Craca M.
836,Rodriguez M.
837,Eaton C.
838,Daniel M.
839,Moraru G.
840,Koellerer D.
841,Mayer F.
842,Gard C.
843,Savolt A.
844,Carlsen K.
845,Landsberg J.
846,Peschek D.
847,Olguin L.
848,Matkowski M.
849,Smethurst D.
850,Puerta M.
851,Arnold L.
852,Lindahl N.
853,Galimberti G.
854,Okun N.
855,Qureshi A.U.H.
856,Mamiit C.
857,Tursunov D.
858,Valent R.
859,Neumuller I.
860,Lestienne C.
861,Johnson S.
862,Sitak A.
863,Nedovyesov O.
864,Fromberg R.
865,Tramacchi P.
866,Giner J.
867,Rosset M.
868,Jiang S.
869,El Amrani R.
870,Gambill J.M.
871,Kratochvil M.
872,Ramos Vinolas A.
873,Ferrero J.
874,Korolev E.
875,Al Khulaifi N.G.
876,Hernandez O.
877,Russell M.
878,Froberg J.
879,Djokovic M.
880,Lejnieks K.
881,Bautista Agut R.
882,Del Potro J.M.
883,Hadad A.
884,Junqueira D.
885,Koenig R.
886,Jeanpierre J.
887,De Chaunac S.
888,Van Der Merwe I.
889,Arthurs W.
890,Rea S.
891,Tveit E.
892,Prieto S.
893,Ito Y.
894,Alcaide G.
895,Garcia A.
896,Etlis G.
897,Trimmel C.
898,Bloomfield R.
899,Takeuchi K.
900,Venus M.
901,Junaid R.
902,Fruttero J.P.
903,Joyce M.
904,Patriarca D.
905,Miedler L.
906,Dell'Acqua M.
907,Delfino M.
908,Chardy J.
909,De Bakker T.
910,Haider Maurer A.
911,Mertens Y.
912,Bolelli S.
913,Prodon E.
914,Tobon M.
915,Saretta F.
916,Iwami T.
917,Roitman S.
918,Tarallo S.
919,Canas G.
920,Woodbridge T.
921,Chvojka E.
922,Corretja A.
923,Jasika O.
924,Barrientos N.
925,Thomas J.
926,Sanchez De Luna J.A.
927,Boruszewski J.
928,Kosakowski D.
929,Caruso S.
930,Lareau S.
931,Medvedev A.
932,Brands D.
933,Decoud S.
934,Ferrer D.
935,Philippoussis M.
936,Kirillov E.
937,Phau B.
938,Marray J.
939,Pescariu D.
940,Starace P.
941,Santillan A.
942,Hrbaty D.
943,Murray A.
944,Evans D.
945,Alami K.
946,Kukushkin M.
947,Fidirko N.
948,Van Gemerden M.
949,Altamirano C.
950,Pasha N.
951,Wiltschnig H.
952,Lammer M.
953,Munar J.
954,Zverev M.
955,Delic A.
956,Kempes E.
957,Hemmes F.
958,Klein B.
959,Lopez Moron A.
960,Navarro S.
961,Verdasco F.
962,Ancic I.
963,Ghedin R.
964,Spadea V.
965,Harrison R.
966,Lukaev R.
967,Knowles M.
968,Bogdanovic A.
969,Belic L.
970,Tomic B.
971,Escobar G.
972,Guzman J.
973,Elseneer G.
974,Tahiri M.
975,Levine J.
976,Kim A.
977,Janowicz J.
978,Trongcharoenchaikul W.
979,Ianni S.
980,Childs L.
981,Kohlschreiber P.
982,Robredo R.
983,Hadad M.
984,Vanek J.
985,Jones G.
986,Vagnozzi S.
987,Paes L.
988,Borvanov R.
989,Grosjean S.
990,Zimonjic N.
991,Stoltenberg J.
992,Niemeyer F.
993,Hocevar R.
994,Donskoy E.
995,Fish A.
996,Ahouda A.
997,Kuznetsov A.
998,Santoro F.
999,Pescosolido S.
1000,Stoppini A.
1001,Calatrava A.
1002,Ward J.
1003,Zopp J.
1004,Gensse A.
1005,Gimeno Traver D.
1006,Ungur A.
1007,Ittogi T.
1008,Perry T.
1009,Ouahabi T.
1010,Condor F.
1011,De Voest R.
1012,Meligeni F.
1013,Timfjord N.
1014,Hernych J.
1015,Levine I.
1016,Djokovic N.
1017,Coria G.
1018,Wilson B.
1019,Zampieri C.
1020,Spracklin T.
1021,Sorensen L.
1022,Dabrowski B.
1023,Reneberg R.
1024,Stakhovsky S.
1025,Chela J.I.
1026,Kondo H.
1027,Desein N.
1028,Ziadi M.
1029,Draper S.
1030,Delic M.
1031,Dent T.
1032,Chang M.
1033,Miyao J.
1034,Sidorenko A.
1035,Ginepri R.
1036,Lokoli L.
1037,Nargiso D.
1038,Mello R.
1039,Traykov I.
1040,Crabb J.
1041,Schuttler P.
1042,Kloer S.
1043,Milojevic N.
1044,Terachi T.
1045,Ouahab L.
1046,Dupre T.
1047,Westerhof B.
1048,Tong M.
1049,Edmund K.
1050,Cruciat A.
1051,Stoliarov A.
1052,Almagro N.
1053,Nedunchezhiyan J.
1054,Linzer M.
1055,Ivanisevic G.
1056,Lopez F.
1057,Robredo T.
1058,Carretero R.
1059,Prashanth V.
1060,Ram R.
1061,Rachidi Y.
1062,Martin A.
1063,Nestor D.
1064,Gooding J.
1065,Moretti H.
1066,Nishikori K.
1067,Meffert D.
1068,Al Mutawa J.
1069,Rublev A.
1070,Jarry N.
1071,Elsner D.
1072,Herm Zahlava J.
1073,Luczak A.
1074,Stafford G.
1075,Amritraj P.
1076,Clayton A.
1077,Sijsling I.
1078,Montcourt M.
1079,Golovanov D.
1080,Biryukov M.
1081,Struvay E.
1082,Horna L.
1083,Calleri A.
1084,Strode B.
1085,Delgado J.
1086,Shapovalov D.
1087,Ebelthite C.
1088,Giustino L.
1089,Munoz De La Nava D.
1090,Fukarek O.
1091,Andersen J.F.
1092,Granollers Pujol M.
1093,Goffin D.
1094,Khachanov K.
1095,Di Pasquale A.
1096,Marrai M.
1097,Muster T.
1098,Gonzalez A.
1099,Vico U.
1100,Hutchins R.
1101,Cowan B.
1102,Alund M.
1103,Lazov A.
1104,Couto E.
1105,Baluda V.
1106,Veronelli D.
1107,Witten J.
1108,Kralert P.
1109,Tomashevich D.
1110,Bohaboy D.
1111,Soeda G.
1112,Mannarino A.
1113,Del Bonis F.
1114,King D.
1115,Kozlov S.
1116,Clavet F.
1117,Damm M.
1118,Capdeville P.
1119,Beck A.
1120,Gonzalez S.
1121,Cook L.
1122,Singh N.
1123,Sanchez De Luna J.
1124,Burrieza O.
1125,Andersson H.
1126,Zlatanovic A.
1127,Britton D.
1128,Tecau H.
1129,Raonic M.
1130,Olivo R.
1131,Zhang Zh.
1132,Gomez E.
1133,Rufin G.
1134,Martin F.
1135,Wang C.
1136,Myneni S.
1137,Kilderry P.
1138,Black W.
1139,Rascon T.
1140,Cervenak P.
1141,Blake T.
1142,Moldovan I.
1143,Zitko R.
1144,Ouanna J.
1145,Jensen L.
1146,Martelli M.
1147,Ouyang B.
1148,Fognini F.
1149,Ishii Y.
1150,Haehnel J.
1151,Slanar M.
1152,Ferrero J.C.
1153,Dancevic F.
1154,Prpic A.
1155,March O.
1156,Trusendi W.
1157,Brizzi A.
1158,Wessels P.
1159,Tenconi T.
1160,Garza D.
1161,Peralta J.
1162,Bracciali D.
1163,Gamonal H.
1164,Sanchez M.
1165,Kravchuk K.
1166,Petzschner P.
1167,Auckland J.
1168,Boutter J.
1169,Weiner G.
1170,Deheart R.
1171,Rieschick S.
1172,Krajan Z.
1173,Filippini M.
1174,Androic T.
1175,Garcia Sintes J.
1176,Trifu G.
1177,Montanes A.
1178,Cakl T.
1179,Johansson T.
1180,Alvarez E.
1181,Silva D.
1182,Awadhy O.
1183,Viola M.
1184,Soderling R.
1185,Volandri F.
1186,Schwartzman D.
1187,Prinosil D.
1188,Radic M.
1189,Motomura G.
1190,Nadal Parera R.
1191,Widom T.
1192,Scherrer J.C.
1193,Tebbutt M.
1194,Reid M.
1195,Moya C.
1196,Trungelliti M.
1197,Waske A.
1198,Sekulic M.
1199,Yoon Y.
1200,Ondruska M.
1201,Bogomolov Jr.A.
1202,Abel M.
1203,Balleret B.
1204,Hilton M.
1205,Bruguera S.
1206,Uppal V.
1207,Pretzsch A.
1208,Faurel J.C.
1209,Klahn B.
1210,Henman T.
1211,Golmard J.
1212,Witt A.
1213,Kornienko I.
1214,Jenkins S.
1215,Burgsmuller L.
1216,Hantschek M.
1217,Matsukevitch D.
1218,Kicker N.
1219,Granollers G.
1220,Viola Mat.
1221,Monteiro T.
1222,Rochus O.
1223,Lee M.
1224,Sultan Khalfan A.
1225,Lindell C.
1226,Artunedo Martinavarro A.
1227,Jones G.D.
1228,Idmbarek Y.
1229,Gulbis E.
1230,Bai Y.
1231,Opelka R.
1232,Guzman J.P.
1233,Caldwell D.
1234,Davletshin V.
1235,Kern R.
1236,Veger F.
1237,Hippensteel K.
1238,Sabau R.
1239,Kim K.
1240,Van Lottum J.
1241,Zib T.
1242,Hanescu V.
1243,Baccanello P.
1244,Adaktusson J.
1245,Cecchinato M.
1246,Souza J.
1247,Machado R.
1248,Bryan B.
1249,Vik R.
1250,Thron A.
1251,Matosevic M.
1252,Andreozzi G.
1253,Gao X.
1254,Wassen R.
1255,Massa E.
1256,Guccione A.
1257,Kudryavtsev A.
1258,Elias G.
1259,Granollers Pujol G.
1260,Galan D.E.
1261,Krawietz K.
1262,Hirigoyen I.
1263,Nedovyesov A.
1264,Schiessling T.
1265,Schuettler R.
1266,Oncins J.
1267,Gruber K.
1268,Kuznetsov Al.
1269,Larkham T.
1270,Inglot D.
1271,Kuzmanov D.
1272,Mektic N.
1273,Zabaleta M.
1274,Cipolla F.
1275,Berta D.
1276,Schalken S.
1277,Guez D.
1278,Lopez Jaen M.A.
1279,Puetz T.
1280,Klec I.
1281,Sanchez J.
1282,Minar J.
1283,Naso G.
1284,Udomchoke D.
1285,Burniol G.
1286,Agostinelli B.
1287,Carreno Busta P.
1288,Kokkinakis T.
1289,Bellier A.
1290,Aldi F.
1291,Dutra Da Silva R.
1292,Galvani S.
1293,Kafelnikov Y.
1294,Williams R.
1295,Browne F.
1296,Gimelstob J.
